{"cameraMode":{"drawMode":0,"name":"Shaded","section":"Shading Mode"},"sceneLighting":false,"audioPlay":false,"sceneViewState":{"m_AlwaysRefresh":false,"showFog":true,"showSkybox":false,"showFlares":true,"showImageEffects":true,"showParticleSystems":true,"showVisualEffectGraphs":true,"m_FxEnabled":true},"in2DMode":false,"pivot":{"x":-9.680986404418946,"y":0.09424632787704468,"z":-33.085269927978519},"rotation":{"x":0.09048619121313095,"y":-0.5439908504486084,"z":0.05914057791233063,"w":0.8321091532707214},"size":1.8273694515228272,"orthographic":false}